filed,ticker,issuer,insider,ciks,captured_at
2026-04-27,RS,"RELIANCE, INC.",Ajemyan Arthur  (CIK 0001777542),0000861884|0001777542,2026-04-27T22:54:57Z
2026-04-27,ISRG,INTUITIVE SURGICAL INC,Curet Myriam  (CIK 0001632901),0001035267|0001632901,2026-04-27T22:54:57Z
2026-04-27,CGEN,COMPUGEN LTD,Levine Zurit  (CIK 0001972527),0001119774|0001972527,2026-04-27T22:54:57Z
2026-04-27,URI,"UNITED RENTALS, INC.",PINTOFF CRAIG ADAM  (CIK 0001664921),0001067701|0001664921,2026-04-27T22:54:57Z
2026-04-27,SYM,Symbotic Inc.,Boyd William M III  (CIK 0001932973),0001837240|0001932973,2026-04-27T22:54:57Z
2026-04-27,,AGNC Investment Corp.,Federico Peter J  (CIK 0001464523),0001423689|0001464523,2026-04-27T22:54:57Z
2026-04-27,KTOS,"KRATOS DEFENSE & SECURITY SOLUTIONS, INC.",Fendley Steven S.  (CIK 0001695434),0001069258|0001695434,2026-04-27T22:54:57Z
2026-04-27,VC,VISTEON CORP,Trecker Kristin  (CIK 0001353628),0001111335|0001353628,2026-04-27T22:54:57Z
2026-04-27,TAL,TAL Education Group,LIU YACHAO  (CIK 0001972349),0001499620|0001972349,2026-04-27T22:54:57Z
2026-04-27,MPLT,"MapLight Therapeutics, Inc.",GILLIS JONATHAN  (CIK 0001709954),0001770069|0001709954,2026-04-27T22:54:57Z
2026-04-27,CRWV,"CoreWeave, Inc.",Goldberg Chen  (CIK 0002058056),0001769628|0002058056,2026-04-27T22:54:57Z
2026-04-27,NXT,Nextpower Inc.,SHUGAR DANIEL S  (CIK 0001425477),0001852131|0001425477,2026-04-27T22:54:57Z
2026-04-27,LVS,LAS VEGAS SANDS CORP,Forman Charles D  (CIK 0001305349),0001300514|0001305349,2026-04-27T22:54:57Z
2026-04-27,KALU,KAISER ALUMINUM CORP,Wilcox Brett  (CIK 0001289226),0000811596|0001289226,2026-04-27T22:54:57Z
2026-04-27,AAON,"AAON, INC.",Thompson Rebecca  (CIK 0001565768),0000824142|0001565768,2026-04-27T22:54:57Z
2026-04-27,MRDN,Meridian Holdings Inc./NV,Luxor Capital LLC  (CIK 0001852146),0001437925|0001852146,2026-04-27T22:54:57Z
2026-04-27,TAL,TAL Education Group,TIAN MI  (CIK 0001968938),0001499620|0001968938,2026-04-27T22:54:57Z
2026-04-27,,WINTRUST FINANCIAL CORP,DYKSTRA DAVID A  (CIK 0001244276),0001015328|0001244276,2026-04-27T22:54:57Z
2026-04-27,HOWL,"Werewolf Therapeutics, Inc.","MPM BioVentures 2014 (B), L.P.  (CIK 0001609493)",0001785530|0001609493,2026-04-27T22:54:57Z
2026-04-27,CRWV,"CoreWeave, Inc.",Venturo Brian M  (CIK 0002058067),0001769628|0002058067,2026-04-27T22:54:57Z
2026-04-27,TAL,TAL Education Group,WANG Edward Yi  (CIK 0002117314),0001499620|0002117314,2026-04-27T22:54:57Z
2026-04-27,PUBM,"PubMatic, Inc.",Goel Rajeev K.  (CIK 0001833511),0001422930|0001833511,2026-04-27T22:54:57Z
2026-04-27,HOWL,"Werewolf Therapeutics, Inc.",MPM ASSET MANAGEMENT LLC  (CIK 0001263048),0001785530|0001263048,2026-04-27T22:54:57Z
2026-04-27,APLD,Applied Digital Corp.,MILLER DOUGLAS S  (CIK 0001193054),0001144879|0001193054,2026-04-27T22:54:57Z
2026-04-27,RVLV,"Revolve Group, Inc.","MMMK Development, Inc.  (CIK 0001756618)",0001746618|0001756618,2026-04-27T22:54:57Z
2026-04-27,NEAR,Grayscale Near Trust (NEAR),DCG International Investments Ltd.  (CIK 0001977454),0002025000|0001977454,2026-04-27T22:54:57Z
2026-04-27,KNTK,Kinetik Holdings Inc.,ISQ Global Fund II GP LLC  (CIK 0001904934),0001692787|0001904934,2026-04-27T22:54:57Z
2026-04-27,REAL,"TheRealReal, Inc.",Leondakis Niki  (CIK 0001780506),0001573221|0001780506,2026-04-27T22:54:57Z
2026-04-27,HOWL,"Werewolf Therapeutics, Inc.","MPM BioVentures 2014, L.P.  (CIK 0001609492)",0001785530|0001609492,2026-04-27T22:54:57Z
2026-04-27,XLM,Grayscale Stellar Lumens Trust (XLM),"Digital Currency Group, Inc.  (CIK 0001652536)",0001761325|0001652536,2026-04-27T22:54:57Z
2026-04-27,FIL,Grayscale Filecoin Trust (FIL),DCG International Investments Ltd.  (CIK 0001977454),0001852039|0001977454,2026-04-27T22:54:57Z
2026-04-27,WCN,"Waste Connections, Inc.",LITTLE JAMES  (CIK 0001130416),0001318220|0001130416,2026-04-27T22:54:57Z
2026-04-27,RSI,"Rush Street Interactive, Inc.",STETZ MATTIAS  (CIK 0001835040),0001793659|0001835040,2026-04-27T22:54:57Z
2026-04-27,KALU,KAISER ALUMINUM CORP,Gheorghe Iulian  (CIK 0002104071),0000811596|0002104071,2026-04-27T22:54:57Z
2026-04-27,UVSP,UNIVEST FINANCIAL Corp,Paquin Natalye  (CIK 0001377274),0000102212|0001377274,2026-04-27T22:54:57Z
2026-04-27,GLNK,Grayscale Chainlink Trust ETF,DCG International Investments Ltd.  (CIK 0001977454),0001852025|0001977454,2026-04-27T22:54:57Z
2026-04-27,NXT,Nextpower Inc.,LEDESMA BRUCE  (CIK 0001209945),0001852131|0001209945,2026-04-27T22:54:57Z
2026-04-27,TXN,TEXAS INSTRUMENTS INC,Kane Katharine  (CIK 0002032065),0000097476|0002032065,2026-04-27T22:54:57Z
2026-04-27,,SCHWAB CHARLES CORP,Schwab Charles R.  (CIK 0000923738),0000316709|0000923738,2026-04-27T22:54:57Z
2026-04-27,MLI,MUELLER INDUSTRIES INC,Christopher Gregory L.  (CIK 0001341985),0000089439|0001341985,2026-04-27T22:54:57Z
2026-04-27,PNRG,PRIMEENERGY RESOURCES CORP,DE ROTHSCHILD ROBERT  (CIK 0001015878),0000056868|0001015878,2026-04-27T22:54:57Z
2026-04-27,RNG,"RingCentral, Inc.",Makagon Kira  (CIK 0001586648),0001384905|0001586648,2026-04-27T22:54:57Z
2026-04-27,CRWV,"CoreWeave, Inc.",McBee Brannin  (CIK 0002058103),0001769628|0002058103,2026-04-27T22:54:57Z
2026-04-27,BCAX,Bicara Therapeutics Inc.,Raben David  (CIK 0002034679),0002023658|0002034679,2026-04-27T22:54:57Z
2026-04-27,EQT,EQT Corp,BAILEY VICKY A  (CIK 0001295122),0000033213|0001295122,2026-04-27T22:54:57Z
2026-04-27,UBER,"Uber Technologies, Inc",Mahendra-Rajah Prashanth  (CIK 0001609983),0001543151|0001609983,2026-04-27T22:54:57Z
2026-04-27,ZEN,Grayscale Horizen Trust (ZEN),"Digital Currency Group, Inc.  (CIK 0001652536)",0001748945|0001652536,2026-04-27T22:54:57Z
2026-04-27,CHCO,CITY HOLDING CO,BUMGARNER DAVID L  (CIK 0001314692),0000726854|0001314692,2026-04-27T22:54:57Z
2026-04-27,LRCX,LAM RESEARCH CORP,Harter Ava  (CIK 0001642415),0000707549|0001642415,2026-04-27T22:54:57Z
2026-04-27,TAL,TAL Education Group,PENG ALEX ZHUANGZHUANG  (CIK 0001971327),0001499620|0001971327,2026-04-27T22:54:57Z
2026-04-27,INDI,"indie Semiconductor, Inc.",Aoki Ichiro  (CIK 0001865423),0001841925|0001865423,2026-04-27T22:54:57Z
2026-04-27,NDAQ,"NASDAQ, INC.",Tal Cohen  (CIK 0001781714),0001120193|0001781714,2026-04-27T22:54:57Z
2026-04-27,CRWV,"CoreWeave, Inc.",McBee Brannin  (CIK 0002058103),0001769628|0002058103,2026-04-27T22:54:57Z
2026-04-27,HOWL,"Werewolf Therapeutics, Inc.",UBS Oncology Impact Fund L.P.  (CIK 0001691428),0001785530|0001691428,2026-04-27T22:54:57Z
2026-04-27,KN,Knowles Corp,Bastarrica Air A. Jr.  (CIK 0001745084),0001587523|0001745084,2026-04-27T22:54:57Z
2026-04-27,CRWV,"CoreWeave, Inc.",McBee Brannin  (CIK 0002058103),0001769628|0002058103,2026-04-27T22:54:57Z
2026-04-27,STX,Grayscale Stacks Trust (STX),DCG International Investments Ltd.  (CIK 0001977454),0002024996|0001977454,2026-04-27T22:54:57Z
2026-04-27,RELY,"Remitly Global, Inc.",Somalya Saema  (CIK 0001600405),0001782170|0001600405,2026-04-27T22:54:57Z
2026-04-27,LPT,Grayscale Livepeer Trust (LPT),DCG International Investments Ltd.  (CIK 0001977454),0001852024|0001977454,2026-04-27T22:54:57Z
2026-04-27,GDLC,Grayscale CoinDesk Crypto 5 ETF,DCG International Investments Ltd.  (CIK 0001977454),0001729997|0001977454,2026-04-27T22:54:57Z
2026-04-27,CGEN,COMPUGEN LTD,Ophir Eran  (CIK 0001972103),0001119774|0001972103,2026-04-27T22:54:57Z
2026-04-27,AGX,ARGAN INC,Jeffrey John Ronald Jr.  (CIK 0001709914),0000100591|0001709914,2026-04-27T22:54:57Z
2026-04-27,WCN,"Waste Connections, Inc.",HANSEN ERIC  (CIK 0001132334),0001318220|0001132334,2026-04-27T22:54:57Z
2026-04-27,BLK,"BlackRock, Inc.",KAPITO ROBERT  (CIK 0001059246),0002012383|0001059246,2026-04-27T22:54:57Z
2026-04-27,DEFG,Grayscale Decentralized Finance (DeFi) Fund LLC,DCG International Investments Ltd.  (CIK 0001977454),0001874907|0001977454,2026-04-27T22:54:57Z
2026-04-27,,VALLEY NATIONAL BANCORP,BARRETT RUSSELL  (CIK 0002006886),0000714310|0002006886,2026-04-27T22:54:57Z
2026-04-27,ETN,Eaton Corp plc,LEONETTI OLIVIER  (CIK 0001618669),0001551182|0001618669,2026-04-27T22:54:57Z
2026-04-27,CHCO,CITY HOLDING CO,HAGEBOECK CHARLES R  (CIK 0001234855),0000726854|0001234855,2026-04-27T22:54:57Z
2026-04-27,CRWV,"CoreWeave, Inc.",McBee Brannin  (CIK 0002058103),0001769628|0002058103,2026-04-27T22:54:57Z
2026-04-27,BDX,BECTON DICKINSON & CO,Feld Michael  (CIK 0002034349),0000010795|0002034349,2026-04-27T22:54:57Z
2026-04-27,GAVA,Grayscale Avalanche Staking ETF,DCG International Investments Ltd.  (CIK 0001977454),0002035053|0001977454,2026-04-27T22:54:57Z
2026-04-27,NXT,Nextpower Inc.,Bennett David P  (CIK 0001582417),0001852131|0001582417,2026-04-27T22:54:57Z
2026-04-27,DDOG,"Datadog, Inc.",Agarwal Amit  (CIK 0001540517),0001561550|0001540517,2026-04-27T22:54:57Z
2026-04-27,DYN,"Dyne Therapeutics, Inc.","Atlas Venture Opportunity Fund II, L.P.  (CIK 0001885327)",0001818794|0001885327,2026-04-27T22:54:57Z
2026-04-27,HOWL,"Werewolf Therapeutics, Inc.",MPM ONCOLOGY INNOVATIONS FUND LP  (CIK 0001719960),0001785530|0001719960,2026-04-27T22:54:57Z
2026-04-27,CALX,"CALIX, INC",Russo Carl  (CIK 0001483757),0001406666|0001483757,2026-04-27T22:54:57Z
2026-04-27,GSUI,Grayscale Sui Staking ETF,DCG International Investments Ltd.  (CIK 0001977454),0002034012|0001977454,2026-04-27T22:54:57Z
2026-04-27,KALU,KAISER ALUMINUM CORP,Harvey Keith  (CIK 0001551869),0000811596|0001551869,2026-04-27T22:54:57Z
2026-04-27,KALU,KAISER ALUMINUM CORP,DONNAN JOHN MALCOLM  (CIK 0001311544),0000811596|0001311544,2026-04-27T22:54:57Z
2026-04-27,TWST,Twist Bioscience Corp,Starovasnik Melissa A.  (CIK 0001877739),0001581280|0001877739,2026-04-27T22:54:57Z
2026-04-27,DYN,"Dyne Therapeutics, Inc.","Atlas Venture Opportunity Fund I, L.P.  (CIK 0001759241)",0001818794|0001759241,2026-04-27T22:54:57Z
2026-04-27,DYN,"Dyne Therapeutics, Inc.","Atlas Venture Associates XI, L.P.  (CIK 0001780068)",0001818794|0001780068,2026-04-27T22:54:57Z
2026-04-27,SM,SM Energy Co,Vogel Herbert S  (CIK 0001544288),0000893538|0001544288,2026-04-27T22:54:57Z
2026-04-27,URI,"UNITED RENTALS, INC.",Gross Joli L.  (CIK 0001875551),0001067701|0001875551,2026-04-27T22:54:57Z
2026-04-27,STZ,"CONSTELLATION BRANDS, INC.",Hernandez Ernesto M  (CIK 0001614357),0000016918|0001614357,2026-04-27T22:54:57Z
2026-04-27,CRWV,"CoreWeave, Inc.",McBee Brannin  (CIK 0002058103),0001769628|0002058103,2026-04-27T22:54:57Z
2026-04-27,ABT,ABBOTT LABORATORIES,Alpern Robert J  (CIK 0001448074),0000001800|0001448074,2026-04-27T22:54:57Z
2026-04-27,IMAX,IMAX CORP,GELFOND RICHARD L  (CIK 0000944011),0000921582|0000944011,2026-04-27T22:54:57Z
2026-04-27,DYN,"Dyne Therapeutics, Inc.","Atlas Venture Fund XI, L.P.  (CIK 0001708269)",0001818794|0001708269,2026-04-27T22:54:57Z
2026-04-27,TMO,THERMO FISHER SCIENTIFIC INC.,Pettiti Gianluca  (CIK 0001844600),0000097745|0001844600,2026-04-27T22:54:57Z
2026-04-27,KLTR,KALTURA INC,Azaria Eynav  (CIK 0002009676),0001432133|0002009676,2026-04-27T22:54:57Z
2026-04-27,GDOG,Grayscale Dogecoin Trust ETF,DCG International Investments Ltd.  (CIK 0001977454),0002055510|0001977454,2026-04-27T22:54:57Z
2026-04-27,CBRE,"CBRE GROUP, INC.",SULENTIC ROBERT E  (CIK 0001190868),0001138118|0001190868,2026-04-27T22:54:57Z
2026-04-27,NXT,Nextpower Inc.,Miller Nicholas Marco  (CIK 0001962163),0001852131|0001962163,2026-04-27T22:54:57Z
2026-04-27,HOWL,"Werewolf Therapeutics, Inc.",MPM Asset Management Investors BV2014 LLC  (CIK 0001609495),0001785530|0001609495,2026-04-27T22:54:57Z
2026-04-27,QCOM,QUALCOMM INC/DE,Smit Neil  (CIK 0001312168),0000804328|0001312168,2026-04-27T22:54:57Z
2026-04-27,NXT,Nextpower Inc.,Wenger Howard  (CIK 0001387222),0001852131|0001387222,2026-04-27T22:54:57Z
2026-04-27,CRWV,"CoreWeave, Inc.",Venturo Brian M  (CIK 0002058067),0001769628|0002058067,2026-04-27T22:54:57Z
2026-04-27,MPLT,"MapLight Therapeutics, Inc.",Kreitzer Anatol  (CIK 0002021238),0001770069|0002021238,2026-04-27T22:54:57Z
2026-04-27,WKC,WORLD KINECT CORP,KASBAR MICHAEL J  (CIK 0001242793),0000789460|0001242793,2026-04-27T22:54:57Z
2026-04-27,GWRE,"Guidewire Software, Inc.",Rosenbaum Michael George  (CIK 0001784996),0001528396|0001784996,2026-04-27T22:54:57Z
2026-04-27,VICR,VICOR CORP,D'Amico Andrew  (CIK 0001830195),0000751978|0001830195,2026-04-27T22:54:57Z
2026-04-27,META,"Meta Platforms, Inc.",Olivan Javier  (CIK 0001564475),0001326801|0001564475,2026-04-27T22:54:57Z
2026-04-27,MXL,"MAXLINEAR, INC",Kwong Connie H.  (CIK 0001666994),0001288469|0001666994,2026-04-27T22:54:57Z
2026-04-27,,"Revolution Medicines, Inc.",Mancini Anthony  (CIK 0002124509),0001628171|0002124509,2026-04-27T22:54:57Z
2026-04-27,COCO,"Vita Coco Company, Inc.",Roper Martin  (CIK 0001206513),0001482981|0001206513,2026-04-27T22:54:57Z
2026-04-27,,ENTERPRISE FINANCIAL SERVICES CORP,PONDER MARK G  (CIK 0001550076),0001025835|0001550076,2026-04-27T22:54:57Z
2026-04-24,MSCI,MSCI Inc.,Munari Alvise J.  (CIK 0002101503),0001408198|0002101503,2026-04-27T22:54:57Z
2026-04-24,SYM,Symbotic Inc.,Dunn Michael David  (CIK 0001933434),0001837240|0001933434,2026-04-27T22:54:57Z
2026-04-24,ON,ON SEMICONDUCTOR CORP,Thad Trent  (CIK 0001607990),0001097864|0001607990,2026-04-27T22:54:57Z
2026-04-24,PEBK,PEOPLES BANCORP OF NORTH CAROLINA INC,ABERNETHY JAMES S  (CIK 0001244172),0001093672|0001244172,2026-04-27T22:54:57Z
2026-04-24,VMI,VALMONT INDUSTRIES INC,BAY MOGENS C  (CIK 0001185232),0000102729|0001185232,2026-04-27T22:54:57Z
2026-04-24,REAL,"TheRealReal, Inc.",Leondakis Niki  (CIK 0001780506),0001573221|0001780506,2026-04-27T22:54:57Z
2026-04-24,LQDT,LIQUIDITY SERVICES INC,Daunt John  (CIK 0001774667),0001235468|0001774667,2026-04-27T22:54:57Z
2026-04-24,TXN,TEXAS INSTRUMENTS INC,BLINN MARK A  (CIK 0001129149),0000097476|0001129149,2026-04-27T22:54:57Z
2026-04-24,,AGNC Investment Corp.,Federico Peter J  (CIK 0001464523),0001423689|0001464523,2026-04-27T22:54:57Z
2026-04-24,,"Everpure, Inc.",Colgrove John  (CIK 0001651902),0001474432|0001651902,2026-04-27T22:54:57Z
2026-04-24,UTHR,UNITED THERAPEUTICS Corp,PATUSKY CHRISTOPHER  (CIK 0001231427),0001082554|0001231427,2026-04-27T22:54:57Z
2026-04-24,TXN,TEXAS INSTRUMENTS INC,Witzsche Christine  (CIK 0001883939),0000097476|0001883939,2026-04-27T22:54:57Z
2026-04-24,VMI,VALMONT INDUSTRIES INC,MASSEY R ANDREW  (CIK 0001203394),0000102729|0001203394,2026-04-27T22:54:57Z
2026-04-24,VICR,VICOR CORP,VINCIARELLI PATRIZIO  (CIK 0000901484),0000751978|0000901484,2026-04-27T22:54:57Z
2026-04-24,ABNB,"Airbnb, Inc.",Blecharczyk Nathan  (CIK 0001834147),0001559720|0001834147,2026-04-27T22:54:57Z
2026-04-24,STC,STEWART INFORMATION SERVICES CORP,Hisey David C  (CIK 0001316682),0000094344|0001316682,2026-04-27T22:54:57Z
2026-04-24,,"BREAD FINANCIAL HOLDINGS, INC.",BALLOU ROGER H  (CIK 0001158369),0001101215|0001158369,2026-04-27T22:54:57Z
2026-04-24,,NORTHERN TRUST CORP,Bellows Clive  (CIK 0002027224),0000073124|0002027224,2026-04-27T22:54:57Z
2026-04-24,INDI,"indie Semiconductor, Inc.",Aoki Ichiro  (CIK 0001865423),0001841925|0001865423,2026-04-27T22:54:57Z
2026-04-24,ZIP,"ZIPRECRUITER, INC.",SAKAMOTO RYAN T.  (CIK 0001859442),0001617553|0001859442,2026-04-27T22:54:57Z
2026-04-24,VCX,"Fundrise Innovation Fund, LLC","Fundrise Real Estate Interval Fund, LLC  (CIK 0001777677)",0001867090|0001777677,2026-04-27T22:54:57Z
2026-04-24,PLBY,"Playboy, Inc.",Kohn Bernhard L III  (CIK 0001844121),0001803914|0001844121,2026-04-27T22:54:57Z
2026-04-24,EFX,EQUIFAX INC,Begor Mark W  (CIK 0001335111),0000033185|0001335111,2026-04-27T22:54:57Z
2026-04-24,TXN,TEXAS INSTRUMENTS INC,Leonard Shanon J  (CIK 0001920456),0000097476|0001920456,2026-04-27T22:54:57Z
2026-04-24,URI,"UNITED RENTALS, INC.",Limoges Andrew B.  (CIK 0001754488),0001067701|0001754488,2026-04-27T22:54:57Z
2026-04-24,AMZN,AMAZON COM INC,RUBINSTEIN JONATHAN  (CIK 0001209522),0001018724|0001209522,2026-04-27T22:54:57Z
2026-04-24,AIP,"Arteris, Inc.",Viana Antonio J  (CIK 0001888686),0001667011|0001888686,2026-04-27T22:54:57Z
2026-04-24,WABC,WESTAMERICA BANCORPORATION,Belton Curtis  (CIK 0001738156),0000311094|0001738156,2026-04-27T22:54:57Z
2026-04-24,NXT,Nextpower Inc.,Miller Nicholas Marco  (CIK 0001962163),0001852131|0001962163,2026-04-27T22:54:57Z
2026-04-24,NXT,Nextpower Inc.,Bennett David P  (CIK 0001582417),0001852131|0001582417,2026-04-27T22:54:57Z
2026-04-24,TXN,TEXAS INSTRUMENTS INC,PATSLEY PAMELA H  (CIK 0001182591),0000097476|0001182591,2026-04-27T22:54:57Z
2026-04-24,AIP,"Arteris, Inc.",Chitkara Raman  (CIK 0001748459),0001667011|0001748459,2026-04-27T22:54:57Z
2026-04-24,NXT,Nextpower Inc.,LEDESMA BRUCE  (CIK 0001209945),0001852131|0001209945,2026-04-27T22:54:57Z
2026-04-24,SYNA,SYNAPTICS Inc,Patel Rahul G.  (CIK 0001785783),0000817720|0001785783,2026-04-27T22:54:57Z
2026-04-24,W,Wayfair Inc.,Conine Steven  (CIK 0001620052),0001616707|0001620052,2026-04-27T22:54:57Z
2026-04-24,NXT,Nextpower Inc.,Wenger Howard  (CIK 0001387222),0001852131|0001387222,2026-04-27T22:54:57Z
2026-04-24,FAF,First American Financial Corp,McCarthy Margaret M  (CIK 0001485980),0001472787|0001485980,2026-04-27T22:54:57Z
2026-04-24,SYM,Symbotic Inc.,Ort Miriam  (CIK 0002002913),0001837240|0002002913,2026-04-27T22:54:57Z
2026-04-24,AMD,ADVANCED MICRO DEVICES INC,Papermaster Mark D  (CIK 0001449649),0000002488|0001449649,2026-04-27T22:54:57Z
2026-04-24,RMBS,RAMBUS INC,Rao Meera  (CIK 0001480603),0000917273|0001480603,2026-04-27T22:54:57Z
2026-04-24,NDAQ,"NASDAQ, INC.",Daly Michelle Lynn  (CIK 0001860776),0001120193|0001860776,2026-04-27T22:54:57Z
2026-04-24,MANH,MANHATTAN ASSOCIATES INC,Gantt James Stewart  (CIK 0001963767),0001056696|0001963767,2026-04-27T22:54:57Z
2026-04-24,NOW,"ServiceNow, Inc.",Canney Jacqueline P  (CIK 0001649609),0001373715|0001649609,2026-04-27T22:54:57Z
2026-04-24,TXN,TEXAS INSTRUMENTS INC,Bluedorn Todd M  (CIK 0001395277),0000097476|0001395277,2026-04-27T22:54:57Z
2026-04-24,W,Wayfair Inc.,Shah Niraj  (CIK 0001620093),0001616707|0001620093,2026-04-27T22:54:57Z
2026-04-24,DYN,"Dyne Therapeutics, Inc.","Atlas Venture Associates XI, L.P.  (CIK 0001780068)",0001818794|0001780068,2026-04-27T22:54:57Z
2026-04-24,DYN,"Dyne Therapeutics, Inc.","Atlas Venture Opportunity Fund II, L.P.  (CIK 0001885327)",0001818794|0001885327,2026-04-27T22:54:57Z
2026-04-24,SYM,Symbotic Inc.,Freve Maria G  (CIK 0001807561),0001837240|0001807561,2026-04-27T22:54:57Z
2026-04-24,,WAFD INC,Robison Kim E  (CIK 0001702713),0000936528|0001702713,2026-04-27T22:54:57Z
2026-04-24,,GLOBE LIFE INC.,Darden James Matthew  (CIK 0001624335),0000320335|0001624335,2026-04-27T22:54:57Z
2026-04-24,PNRG,PRIMEENERGY RESOURCES CORP,HURT CLINT  (CIK 0000947836),0000056868|0000947836,2026-04-27T22:54:57Z
2026-04-24,GSUI,Grayscale Sui Staking ETF,Salm Craig I  (CIK 0002021867),0002034012|0002021867,2026-04-27T22:54:57Z
2026-04-24,NXT,Nextpower Inc.,SHUGAR DANIEL S  (CIK 0001425477),0001852131|0001425477,2026-04-27T22:54:57Z
2026-04-24,DYN,"Dyne Therapeutics, Inc.","Atlas Venture Opportunity Fund I, L.P.  (CIK 0001759241)",0001818794|0001759241,2026-04-27T22:54:57Z
2026-04-24,URI,"UNITED RENTALS, INC.",Flannery Matthew John  (CIK 0001486607),0001067701|0001486607,2026-04-27T22:54:57Z
2026-04-24,SYM,Symbotic Inc.,Kuffner James  (CIK 0001877346),0001837240|0001877346,2026-04-27T22:54:57Z
2026-04-24,PLBY,"Playboy, Inc.",Riley Christopher  (CIK 0001449659),0001803914|0001449659,2026-04-27T22:54:57Z
2026-04-24,LFST,"LifeStance Health Group, Inc.",Bessler Robert  (CIK 0001864881),0001845257|0001864881,2026-04-27T22:54:57Z
2026-04-24,RDCM,RADCOM LTD,Lynrock Lake Master Fund LP  (CIK 0001736419),0001016838|0001736419,2026-04-27T22:54:57Z
2026-04-24,VC,VISTEON CORP,Lawande Sachin  (CIK 0001454378),0001111335|0001454378,2026-04-27T22:54:57Z
2026-04-24,DYN,"Dyne Therapeutics, Inc.","Atlas Venture Fund XI, L.P.  (CIK 0001708269)",0001818794|0001708269,2026-04-27T22:54:57Z
2026-04-24,MTSI,"MACOM Technology Solutions Holdings, Inc.",OCAMPO SUSAN  (CIK 0001252243),0001493594|0001252243,2026-04-27T22:54:57Z
2026-04-24,NYAX,Nayax Ltd.,Nechmad Amir Alimelech  (CIK 0001963423),0001901279|0001963423,2026-04-27T22:54:57Z
2026-04-24,VICR,VICOR CORP,Tuozzolo Claudio  (CIK 0001403540),0000751978|0001403540,2026-04-27T22:54:57Z
2026-04-24,TXN,TEXAS INSTRUMENTS INC,Lizardi Rafael R  (CIK 0001691660),0000097476|0001691660,2026-04-27T22:54:57Z
2026-04-24,COCO,"Vita Coco Company, Inc.",Roper Martin  (CIK 0001206513),0001482981|0001206513,2026-04-27T22:54:57Z
2026-04-24,,GLOBE LIFE INC.,MAJORS MICHAEL CLAY  (CIK 0001426922),0000320335|0001426922,2026-04-27T22:54:57Z
2026-04-24,UNP,UNION PACIFIC CORP,Rocker Kenyatta G  (CIK 0001749673),0000100885|0001749673,2026-04-27T22:54:57Z
2026-04-24,SYM,Symbotic Inc.,Alexander Brian Daniel  (CIK 0001654009),0001837240|0001654009,2026-04-27T22:54:57Z
2026-04-24,AAON,"AAON, INC.",Thompson Rebecca  (CIK 0001565768),0000824142|0001565768,2026-04-27T22:54:57Z
2026-04-24,LMB,"Limbach Holdings, Inc.",Brooks Jayme L.  (CIK 0001447591),0001606163|0001447591,2026-04-27T22:54:57Z
2026-04-23,AAPL,Apple Inc.,Parekh Kevan  (CIK 0002050912),0000320193|0002050912,2026-04-27T22:54:57Z
2026-04-23,KNTK,Kinetik Holdings Inc.,ISQ Global Fund II GP LLC  (CIK 0001904934),0001692787|0001904934,2026-04-27T22:54:57Z
2026-04-23,W,Wayfair Inc.,Shah Niraj  (CIK 0001620093),0001616707|0001620093,2026-04-27T22:54:57Z
2026-04-23,SEIC,SEI INVESTMENTS CO,Sharma Sanjay  (CIK 0001964495),0000350894|0001964495,2026-04-27T22:54:57Z
2026-04-23,ARWR,"ARROWHEAD PHARMACEUTICALS, INC.",Hamilton James C  (CIK 0001830755),0000879407|0001830755,2026-04-27T22:54:57Z
2026-04-23,STLD,STEEL DYNAMICS INC,Cornew Kenneth W.  (CIK 0001482379),0001022671|0001482379,2026-04-27T22:54:57Z
2026-04-23,HMN,HORACE MANN EDUCATORS CORP /DE/,ZURAITIS MARITA  (CIK 0001198960),0000850141|0001198960,2026-04-27T22:54:57Z
2026-04-23,PCRX,"Pacira BioSciences, Inc.",Cross Shawn  (CIK 0001734779),0001396814|0001734779,2026-04-27T22:54:57Z
2026-04-23,IRD,"Opus Genetics, Inc.",YERXA BENJAMIN R  (CIK 0001145910),0001228627|0001145910,2026-04-27T22:54:57Z
2026-04-23,IRD,"Opus Genetics, Inc.",Jayagopal Ashwath  (CIK 0002008983),0001228627|0002008983,2026-04-27T22:54:57Z
2026-04-23,IRD,"Opus Genetics, Inc.",Gagnon Robert E.  (CIK 0001504983),0001228627|0001504983,2026-04-27T22:54:57Z
2026-04-23,,CITIZENS FINANCIAL GROUP INC/RI,MCCREE DONALD H III  (CIK 0001197619),0000759944|0001197619,2026-04-27T22:54:57Z
2026-04-23,BOKF,BOK FINANCIAL CORP,Reid Jeffrey A.  (CIK 0001950322),0000875357|0001950322,2026-04-27T22:54:57Z
2026-04-23,,MICROCHIP TECHNOLOGY INC,Sanghi Steve  (CIK 0001181928),0000827054|0001181928,2026-04-27T22:54:57Z
2026-04-23,MUSA,Murphy USA Inc.,Click Christopher A  (CIK 0001831593),0001573516|0001831593,2026-04-27T22:54:57Z
2026-04-23,UNH,UNITEDHEALTH GROUP INC,Conway Patrick Hugh  (CIK 0002067754),0000731766|0002067754,2026-04-27T22:54:57Z
2026-04-23,MCD,MCDONALDS CORP,Erlinger Joseph M.  (CIK 0001685800),0000063908|0001685800,2026-04-27T22:54:57Z
2026-04-23,NYAX,Nayax Ltd.,Greenberg Aaron Samuel  (CIK 0002081569),0001901279|0002081569,2026-04-27T22:54:57Z
2026-04-23,RDCM,RADCOM LTD,Lynrock Lake Master Fund LP  (CIK 0001736419),0001016838|0001736419,2026-04-27T22:54:57Z
2026-04-23,TBH,"Brag House Holdings, Inc.",Malloy Lavell Juan II  (CIK 0001999220),0001903595|0001999220,2026-04-27T22:54:57Z
2026-04-23,SEIC,SEI INVESTMENTS CO,Peterson Michael  (CIK 0001745371),0000350894|0001745371,2026-04-27T22:54:57Z
2026-04-23,,WINTRUST FINANCIAL CORP,STOEHR DAVID L  (CIK 0001244289),0001015328|0001244289,2026-04-27T22:54:57Z
2026-04-23,ON,ON SEMICONDUCTOR CORP,Thad Trent  (CIK 0001607990),0001097864|0001607990,2026-04-27T22:54:57Z
2026-04-23,NYAX,Nayax Ltd.,Manor Sagit  (CIK 0001999977),0001901279|0001999977,2026-04-27T22:54:57Z
2026-04-23,DYN,"Dyne Therapeutics, Inc.","Atlas Venture Fund XI, L.P.  (CIK 0001708269)",0001818794|0001708269,2026-04-27T22:54:57Z
2026-04-23,,"Everpure, Inc.",Colgrove John  (CIK 0001651902),0001474432|0001651902,2026-04-27T22:54:57Z
2026-04-23,,SCHWAB CHARLES CORP,Schwab Charles R.  (CIK 0000923738),0000316709|0000923738,2026-04-27T22:54:57Z
2026-04-23,RCUS,"Arcus Biosciences, Inc.",Jarrett Jennifer  (CIK 0001671311),0001724521|0001671311,2026-04-27T22:54:57Z
2026-04-23,TWST,Twist Bioscience Corp,Finn Patrick John  (CIK 0001755970),0001581280|0001755970,2026-04-27T22:54:57Z
2026-04-23,AAON,"AAON, INC.",Thompson Rebecca  (CIK 0001565768),0000824142|0001565768,2026-04-27T22:54:57Z
2026-04-23,DYN,"Dyne Therapeutics, Inc.","Atlas Venture Opportunity Fund I, L.P.  (CIK 0001759241)",0001818794|0001759241,2026-04-27T22:54:57Z
2026-04-23,ECOR,"electroCore, Inc.",Goldberger Daniel S  (CIK 0001382042),0001560258|0001382042,2026-04-27T22:54:57Z
2026-04-23,NXPI,NXP Semiconductors N.V.,Hardy Andrew  (CIK 0002054266),0001413447|0002054266,2026-04-27T22:54:57Z
2026-04-23,TARA,"Protara Therapeutics, Inc.",Baker Brothers Life Sciences LP  (CIK 0001363364),0001359931|0001363364,2026-04-27T22:54:57Z
2026-04-23,,"Everpure, Inc.",Colgrove John  (CIK 0001651902),0001474432|0001651902,2026-04-27T22:54:57Z
2026-04-23,PENG,"Penguin Solutions, Inc.",Clark Joseph Gates  (CIK 0001944970),0001616533|0001944970,2026-04-27T22:54:57Z
2026-04-23,NXPI,NXP Semiconductors N.V.,Jensen Christopher L  (CIK 0001812730),0001413447|0001812730,2026-04-27T22:54:57Z
2026-04-23,STRL,"STERLING INFRASTRUCTURE, INC.",CUTILLO JOSEPH A  (CIK 0001671928),0000874238|0001671928,2026-04-27T22:54:57Z
2026-04-23,VICR,VICOR CORP,Doyle Alvaro  (CIK 0001826730),0000751978|0001826730,2026-04-27T22:54:57Z
2026-04-23,MCS,MARCUS CORP,Evans Michael Reade  (CIK 0001988495),0000062234|0001988495,2026-04-27T22:54:57Z
2026-04-23,RBB,RBB Bancorp,Bennett Bill  (CIK 0001981657),0001499422|0001981657,2026-04-27T22:54:57Z
2026-04-23,ANDE,"Andersons, Inc.",Bowe Patrick E.  (CIK 0001657533),0000821026|0001657533,2026-04-27T22:54:57Z
2026-04-23,VCX,"Fundrise Innovation Fund, LLC","Fundrise Real Estate Interval Fund, LLC  (CIK 0001777677)",0001867090|0001777677,2026-04-27T22:54:57Z
2026-04-23,VC,VISTEON CORP,Lawande Sachin  (CIK 0001454378),0001111335|0001454378,2026-04-27T22:54:57Z
2026-04-23,PSMT,PRICESMART INC,PRICE ROBERT E  (CIK 0000934818),0001041803|0000934818,2026-04-27T22:54:57Z
2026-04-23,,"Everpure, Inc.",Colgrove John  (CIK 0001651902),0001474432|0001651902,2026-04-27T22:54:57Z
2026-04-23,RDN,RADIAN GROUP INC,Hoffman Edward J  (CIK 0001439483),0000890926|0001439483,2026-04-27T22:54:57Z
2026-04-23,W,Wayfair Inc.,Conine Steven  (CIK 0001620052),0001616707|0001620052,2026-04-27T22:54:57Z
2026-04-23,IRD,"Opus Genetics, Inc.",SCHACHLE JOSEPH K  (CIK 0001145914),0001228627|0001145914,2026-04-27T22:54:57Z
2026-04-23,UBER,"Uber Technologies, Inc",Mahendra-Rajah Prashanth  (CIK 0001609983),0001543151|0001609983,2026-04-27T22:54:57Z
2026-04-23,LFST,"LifeStance Health Group, Inc.",Bessler Robert  (CIK 0001864881),0001845257|0001864881,2026-04-27T22:54:57Z
2026-04-23,CBDW,1606 CORP.,Gowrishankar Govindan  (CIK 0002069224),0001877461|0002069224,2026-04-27T22:54:57Z
2026-04-23,TARA,"Protara Therapeutics, Inc.","667, L.P.  (CIK 0001551139)",0001359931|0001551139,2026-04-27T22:54:57Z
2026-04-23,W,Wayfair Inc.,Conine Steven  (CIK 0001620052),0001616707|0001620052,2026-04-27T22:54:57Z
2026-04-23,NTST,NETSTREIT Corp.,Zeigler Robin McBride  (CIK 0001670993),0001798100|0001670993,2026-04-27T22:54:57Z
2026-04-23,IRD,"Opus Genetics, Inc.",Magrath George  (CIK 0001999390),0001228627|0001999390,2026-04-27T22:54:57Z
2026-04-23,,Trump Media & Technology Group Corp.,Swider Eric  (CIK 0001836937),0001849635|0001836937,2026-04-27T22:54:57Z
2026-04-23,BOKF,BOK FINANCIAL CORP,Reid Jeffrey A.  (CIK 0001950322),0000875357|0001950322,2026-04-27T22:54:57Z
2026-04-23,NLST,NETLIST INC,Cho Jun  (CIK 0001393033),0001282631|0001393033,2026-04-27T22:54:57Z
2026-04-23,EVCM,EverCommerce Inc.,Remer Eric Richard  (CIK 0001856906),0001853145|0001856906,2026-04-27T22:54:57Z
2026-04-23,,Valens Semiconductor Ltd.,Chairman David  (CIK 0001971553),0001863006|0001971553,2026-04-27T22:54:57Z
2026-04-23,PEBK,PEOPLES BANCORP OF NORTH CAROLINA INC,ABERNETHY JAMES S  (CIK 0001244172),0001093672|0001244172,2026-04-27T22:54:57Z
2026-04-23,STLD,STEEL DYNAMICS INC,Alvarez Miguel  (CIK 0001767177),0001022671|0001767177,2026-04-27T22:54:57Z
2026-04-23,DYN,"Dyne Therapeutics, Inc.","Atlas Venture Opportunity Fund II, L.P.  (CIK 0001885327)",0001818794|0001885327,2026-04-27T22:54:57Z
2026-04-23,DYN,"Dyne Therapeutics, Inc.","Atlas Venture Associates XI, L.P.  (CIK 0001780068)",0001818794|0001780068,2026-04-27T22:54:57Z
2026-04-23,SEIC,SEI INVESTMENTS CO,McCabe Philip  (CIK 0001964748),0000350894|0001964748,2026-04-27T22:54:57Z
2026-04-22,,"Fold Holdings, Inc.",McManus Matt  (CIK 0002067206),0001889123|0002067206,2026-04-27T22:54:57Z
2026-04-22,TWST,Twist Bioscience Corp,Leproust Emily M.  (CIK 0001753655),0001581280|0001753655,2026-04-27T22:54:57Z
2026-04-22,RDCM,RADCOM LTD,Rahav Hadar  (CIK 0001985000),0001016838|0001985000,2026-04-27T22:54:57Z
2026-04-22,NLST,NETLIST INC,WELCHER BLAKE  (CIK 0001248685),0001282631|0001248685,2026-04-27T22:54:57Z
2026-04-22,ANDE,"Andersons, Inc.",Bowe Patrick E.  (CIK 0001657533),0000821026|0001657533,2026-04-27T22:54:57Z
2026-04-22,PHVS,Pharvaris N.V.,Lesage Anne  (CIK 0001973705),0001830487|0001973705,2026-04-27T22:54:57Z
2026-04-22,,STATE STREET CORP,RICHARDS MICHAEL L  (CIK 0001807269),0000093751|0001807269,2026-04-27T22:54:57Z
2026-04-22,,"Everpure, Inc.",Colgrove John  (CIK 0001651902),0001474432|0001651902,2026-04-27T22:54:57Z
2026-04-22,KNTK,Kinetik Holdings Inc.,ISQ Global Fund II GP LLC  (CIK 0001904934),0001692787|0001904934,2026-04-27T22:54:57Z
2026-04-22,COHR,COHERENT CORP.,Luther Sherri R  (CIK 0001764515),0000820318|0001764515,2026-04-27T22:54:57Z
2026-04-22,ARM,ARM HOLDINGS PLC /UK,Child Jason  (CIK 0001533913),0001973239|0001533913,2026-04-27T22:54:57Z
2026-04-22,TVTX,"Travere Therapeutics, Inc.",ROTE WILLIAM E.  (CIK 0001698262),0001438533|0001698262,2026-04-27T22:54:57Z
2026-04-22,AXSM,"Axsome Therapeutics, Inc.",Maizel Ari  (CIK 0002042289),0001579428|0002042289,2026-04-27T22:54:57Z
2026-04-22,BWMN,Bowman Consulting Group Ltd.,Bowman Gary  (CIK 0001859488),0001847590|0001859488,2026-04-27T22:54:57Z
2026-04-22,PCRX,"Pacira BioSciences, Inc.",Cross Shawn  (CIK 0001734779),0001396814|0001734779,2026-04-27T22:54:57Z
2026-04-22,DC,Dakota Gold Corp.,Berry James McCoy  (CIK 0001891506),0001852353|0001891506,2026-04-27T22:54:57Z
2026-04-22,PHVS,Pharvaris N.V.,Lesage Anne  (CIK 0001973705),0001830487|0001973705,2026-04-27T22:54:57Z
2026-04-22,PHVS,Pharvaris N.V.,Schikan Johannes Gerardus Christiaan Petrus  (CIK 0002014983,0001830487|0002014983,2026-04-27T22:54:57Z
2026-04-22,CLF,CLEVELAND-CLIFFS INC.,Taylor Douglas C  (CIK 0001423999),0000764065|0001423999,2026-04-27T22:54:57Z
2026-04-22,DYN,"Dyne Therapeutics, Inc.","Atlas Venture Opportunity Fund II, L.P.  (CIK 0001885327)",0001818794|0001885327,2026-04-27T22:54:57Z
2026-04-22,ABNB,"Airbnb, Inc.",Blecharczyk Nathan  (CIK 0001834147),0001559720|0001834147,2026-04-27T22:54:57Z
2026-04-22,,Trump Media & Technology Group Corp.,Swider Eric  (CIK 0001836937),0001849635|0001836937,2026-04-27T22:54:57Z
2026-04-22,,Quantum-Si Inc,Hawkins Jeffrey Alan  (CIK 0001505034),0001816431|0001505034,2026-04-27T22:54:57Z
2026-04-22,,Strategy Inc,Patten Jarrod M  (CIK 0001309191),0001050446|0001309191,2026-04-27T22:54:57Z
2026-04-22,KYMR,"Kymera Therapeutics, Inc.","Atlas Venture Fund X, L.P.  (CIK 0001628098)",0001815442|0001628098,2026-04-27T22:54:57Z
2026-04-22,BWMN,Bowman Consulting Group Ltd.,Bowman Gary  (CIK 0001859488),0001847590|0001859488,2026-04-27T22:54:57Z
2026-04-22,RXRX,"RECURSION PHARMACEUTICALS, INC.",Gibson Christopher  (CIK 0001856369),0001601830|0001856369,2026-04-27T22:54:57Z
2026-04-22,JBHT,HUNT J B TRANSPORT SERVICES INC,Hicks Bradley W.  (CIK 0001705615),0000728535|0001705615,2026-04-27T22:54:57Z
2026-04-22,PSMT,PRICESMART INC,PRICE ROBERT E  (CIK 0000934818),0001041803|0000934818,2026-04-27T22:54:57Z
2026-04-22,NLST,NETLIST INC,Cho Jun  (CIK 0001393033),0001282631|0001393033,2026-04-27T22:54:57Z
2026-04-22,DYN,"Dyne Therapeutics, Inc.","Atlas Venture Fund XI, L.P.  (CIK 0001708269)",0001818794|0001708269,2026-04-27T22:54:57Z
2026-04-22,,Quantum-Si Inc,Keyes Jeffry R.  (CIK 0001557736),0001816431|0001557736,2026-04-27T22:54:57Z
2026-04-22,RDW,Redwire Corp,"Edge Autonomy Ultimate Holdings, LP  (CIK 0002074087)",0001819810|0002074087,2026-04-27T22:54:57Z
2026-04-22,,"Everpure, Inc.",Colgrove John  (CIK 0001651902),0001474432|0001651902,2026-04-27T22:54:57Z
2026-04-22,AEHR,AEHR TEST SYSTEMS,SPORCK ALISTAIR N  (CIK 0001939261),0001040470|0001939261,2026-04-27T22:54:57Z
2026-04-22,ANET,"Arista Networks, Inc.",Ullal Jayshree  (CIK 0001605809),0001596532|0001605809,2026-04-27T22:54:57Z
2026-04-22,OUST,"Ouster, Inc.",Frichtl Mark  (CIK 0001847596),0001816581|0001847596,2026-04-27T22:54:57Z
2026-04-22,KYMR,"Kymera Therapeutics, Inc.",Chadwick Jeremy G  (CIK 0001388406),0001815442|0001388406,2026-04-27T22:54:57Z
2026-04-22,EVCM,EverCommerce Inc.,Remer Eric Richard  (CIK 0001856906),0001853145|0001856906,2026-04-27T22:54:57Z
2026-04-22,,"Everpure, Inc.",Colgrove John  (CIK 0001651902),0001474432|0001651902,2026-04-27T22:54:57Z
2026-04-22,,STATE STREET CORP,TAHIRI MOSTAPHA  (CIK 0001818588),0000093751|0001818588,2026-04-27T22:54:57Z
2026-04-22,RIVN,"Rivian Automotive, Inc. / DE",McDonough Claire  (CIK 0001890925),0001874178|0001890925,2026-04-27T22:54:57Z
2026-04-22,DDOG,"Datadog, Inc.",Le-Quoc Alexis  (CIK 0001783984),0001561550|0001783984,2026-04-27T22:54:57Z
2026-04-22,ONEW,OneWater Marine Inc.,BODINE CHRIS W  (CIK 0001194405),0001772921|0001194405,2026-04-27T22:54:57Z
2026-04-22,RDW,Redwire Corp,"AE RED HOLDINGS, LLC  (CIK 0001880796)",0001819810|0001880796,2026-04-27T22:54:57Z
2026-04-22,RPD,"Rapid7, Inc.",Murphy Scott M  (CIK 0001909539),0001560327|0001909539,2026-04-27T22:54:57Z
2026-04-22,PENG,"Penguin Solutions, Inc.",Kuykendall Anne  (CIK 0001855880),0001616533|0001855880,2026-04-27T22:54:57Z
2026-04-22,ODC,Oil-Dri Corp of America,Chube Ellen-Blair  (CIK 0001744743),0000074046|0001744743,2026-04-27T22:54:57Z
2026-04-22,CRWV,"CoreWeave, Inc.",Venturo Brian M  (CIK 0002058067),0001769628|0002058067,2026-04-27T22:54:57Z
2026-04-22,PHVS,Pharvaris N.V.,Lu Peng  (CIK 0001972159),0001830487|0001972159,2026-04-27T22:54:57Z
2026-04-22,CRWV,"CoreWeave, Inc.",Venturo Brian M  (CIK 0002058067),0001769628|0002058067,2026-04-27T22:54:57Z
2026-04-22,KYMR,"Kymera Therapeutics, Inc.","Atlas Venture Opportunity Fund I, L.P.  (CIK 0001759241)",0001815442|0001759241,2026-04-27T22:54:57Z
2026-04-22,SMTC,SEMTECH CORP,Walsh Paul V Jr  (CIK 0001362672),0000088941|0001362672,2026-04-27T22:54:57Z
2026-04-22,DYN,"Dyne Therapeutics, Inc.","Atlas Venture Associates XI, L.P.  (CIK 0001780068)",0001818794|0001780068,2026-04-27T22:54:57Z
2026-04-22,AEHR,AEHR TEST SYSTEMS,POSEDEL RHEA J  (CIK 0001055117),0001040470|0001055117,2026-04-27T22:54:57Z
2026-04-22,MBX,"MBX Biosciences, Inc.",Bartram Richard  (CIK 0001723729),0001776111|0001723729,2026-04-27T22:54:57Z
2026-04-22,JBHT,HUNT J B TRANSPORT SERVICES INC,Hobbs Nicholas  (CIK 0001504649),0000728535|0001504649,2026-04-27T22:54:57Z
2026-04-22,SGMO,"SANGAMO THERAPEUTICS, INC",Davis Gregory D  (CIK 0002041855),0001001233|0002041855,2026-04-27T22:54:57Z
2026-04-22,DYN,"Dyne Therapeutics, Inc.","Atlas Venture Opportunity Fund I, L.P.  (CIK 0001759241)",0001818794|0001759241,2026-04-27T22:54:57Z
2026-04-22,ARWR,"ARROWHEAD PHARMACEUTICALS, INC.",Apel Daniel Joseph  (CIK 0002081169),0000879407|0002081169,2026-04-27T22:54:57Z
2026-04-22,VCX,"Fundrise Innovation Fund, LLC","Fundrise Real Estate Interval Fund, LLC  (CIK 0001777677)",0001867090|0001777677,2026-04-27T22:54:57Z
2026-04-21,TWST,Twist Bioscience Corp,Leproust Emily M.  (CIK 0001753655),0001581280|0001753655,2026-04-27T22:54:57Z
2026-04-21,AEHR,AEHR TEST SYSTEMS,SCOTT GEOFFREY GATES  (CIK 0001824121),0001040470|0001824121,2026-04-27T22:54:57Z
2026-04-21,AEHR,AEHR TEST SYSTEMS,SALAMONE ALBERTO  (CIK 0002043583),0001040470|0002043583,2026-04-27T22:54:57Z
2026-04-21,CACC,CREDIT ACCEPTANCE CORP,ULATOWSKI DANIEL A.  (CIK 0001604030),0000885550|0001604030,2026-04-27T22:54:57Z
2026-04-21,SERA,"SERA PROGNOSTICS, INC.",Harrison Robert Gardner  (CIK 0001421563),0001534969|0001421563,2026-04-27T22:54:57Z
2026-04-21,DYN,"Dyne Therapeutics, Inc.","Atlas Venture Fund XI, L.P.  (CIK 0001708269)",0001818794|0001708269,2026-04-27T22:54:57Z
2026-04-21,AEHR,AEHR TEST SYSTEMS,POSEDEL RHEA J  (CIK 0001055117),0001040470|0001055117,2026-04-27T22:54:57Z
2026-04-21,MTSI,"MACOM Technology Solutions Holdings, Inc.",OCAMPO SUSAN  (CIK 0001252243),0001493594|0001252243,2026-04-27T22:54:57Z
2026-04-21,BYND,"BEYOND MEAT, INC.",WITTEMAN TERI L  (CIK 0001564954),0001655210|0001564954,2026-04-27T22:54:57Z
2026-04-21,JBHT,HUNT J B TRANSPORT SERVICES INC,THOMPSON JAMES K  (CIK 0001190258),0000728535|0001190258,2026-04-27T22:54:57Z
2026-04-21,AEHR,AEHR TEST SYSTEMS,ROGERS VERNON  (CIK 0001756642),0001040470|0001756642,2026-04-27T22:54:57Z
2026-04-21,PSTG,"Everpure, Inc.",Colgrove John  (CIK 0001651902),0001474432|0001651902,2026-04-27T22:54:57Z
2026-04-21,,US BANCORP \DE\,Richard Jodi L  (CIK 0001753606),0000036104|0001753606,2026-04-27T22:54:57Z
2026-04-21,TRU,TransUnion,RUSSELL HEATHER J  (CIK 0001741750),0001552033|0001741750,2026-04-27T22:54:57Z
2026-04-21,BCAX,Bicara Therapeutics Inc.,Hyep Ivan  (CIK 0002034668),0002023658|0002034668,2026-04-27T22:54:57Z
2026-04-21,AAON,"AAON, INC.",Thompson Rebecca  (CIK 0001565768),0000824142|0001565768,2026-04-27T22:54:57Z
2026-04-21,EVCM,EverCommerce Inc.,Remer Eric Richard  (CIK 0001856906),0001853145|0001856906,2026-04-27T22:54:57Z
2026-04-21,CRWV,"CoreWeave, Inc.",Intrator Michael N  (CIK 0002058037),0001769628|0002058037,2026-04-27T22:54:57Z
2026-04-21,ANDE,"Andersons, Inc.",Bowe Patrick E.  (CIK 0001657533),0000821026|0001657533,2026-04-27T22:54:57Z
2026-04-21,SFM,"Sprouts Farmers Market, Inc.",Neal John Scott  (CIK 0001867641),0001575515|0001867641,2026-04-27T22:54:57Z
2026-04-21,INDI,"indie Semiconductor, Inc.",Aoki Ichiro  (CIK 0001865423),0001841925|0001865423,2026-04-27T22:54:57Z
2026-04-21,,Strategy Inc,Patten Jarrod M  (CIK 0001309191),0001050446|0001309191,2026-04-27T22:54:57Z
2026-04-21,ETN,Eaton Corp plc,LEONETTI OLIVIER  (CIK 0001618669),0001551182|0001618669,2026-04-27T22:54:57Z
2026-04-21,TWLO,TWILIO INC,ROTTENBERG ERIKA  (CIK 0001284038),0001447669|0001284038,2026-04-27T22:54:57Z
2026-04-21,RGEN,REPLIGEN CORP,Loeillot Olivier  (CIK 0001995525),0000730272|0001995525,2026-04-27T22:54:57Z
2026-04-21,VTS,"Vitesse Energy, Inc.",Chernoff Michael Bruce  (CIK 0001353114),0001944558|0001353114,2026-04-27T22:54:57Z
2026-04-21,DYN,"Dyne Therapeutics, Inc.","Atlas Venture Associates XI, L.P.  (CIK 0001780068)",0001818794|0001780068,2026-04-27T22:54:57Z
2026-04-21,ANET,"Arista Networks, Inc.",Ullal Jayshree  (CIK 0001605809),0001596532|0001605809,2026-04-27T22:54:57Z
2026-04-21,,PITNEY BOWES INC /DE/,Freemen-Bosworth Lauren  (CIK 0002018873),0000078814|0002018873,2026-04-27T22:54:57Z
2026-04-21,PLMR,"Palomar Holdings, Inc.",Armstrong Mac  (CIK 0001772383),0001761312|0001772383,2026-04-27T22:54:57Z
2026-04-21,PTGX,"Protagonist Therapeutics, Inc",Ali Asif  (CIK 0001921163),0001377121|0001921163,2026-04-27T22:54:57Z
2026-04-21,CRCL,"Circle Internet Group, Inc.",Chandhok Nikhil  (CIK 0002060495),0001876042|0002060495,2026-04-27T22:54:57Z
2026-04-21,,"Block, Inc.",Ahuja Amrita  (CIK 0001765417),0001512673|0001765417,2026-04-27T22:54:57Z
2026-04-21,,"Block, Inc.",Esperanza Chrysty  (CIK 0001965569),0001512673|0001965569,2026-04-27T22:54:57Z
2026-04-21,RYN,RAYONIER INC,DeReu William R  (CIK 0001359857),0000052827|0001359857,2026-04-27T22:54:57Z
2026-04-21,YETI,"YETI Holdings, Inc.",McMullen Michael John  (CIK 0001951755),0001670592|0001951755,2026-04-27T22:54:57Z
2026-04-21,AMBA,AMBARELLA INC,Young John Alexander  (CIK 0002009866),0001280263|0002009866,2026-04-27T22:54:57Z
2026-04-21,PTCT,"PTC THERAPEUTICS, INC.",Klein Matthew B.  (CIK 0001808968),0001070081|0001808968,2026-04-27T22:54:57Z
2026-04-21,FLYW,Flywire Corp,Pitigoi Cosmin  (CIK 0002013285),0001580560|0002013285,2026-04-27T22:54:57Z
2026-04-21,WDC,WESTERN DIGITAL CORP,Tregillis Cynthia L  (CIK 0002057088),0000106040|0002057088,2026-04-27T22:54:57Z
2026-04-21,LEVI,LEVI STRAUSS & CO,Singh Harmit J  (CIK 0001472176),0000094845|0001472176,2026-04-27T22:54:57Z
2026-04-21,RDW,Redwire Corp,"Edge Autonomy Ultimate Holdings, LP  (CIK 0002074087)",0001819810|0002074087,2026-04-27T22:54:57Z
2026-04-21,ALLO,"Allogene Therapeutics, Inc.",Yoshiyama Annie  (CIK 0001835208),0001737287|0001835208,2026-04-27T22:54:57Z
2026-04-21,MUSA,Murphy USA Inc.,Click Christopher A  (CIK 0001831593),0001573516|0001831593,2026-04-27T22:54:57Z
2026-04-21,PCRX,"Pacira BioSciences, Inc.",Cross Shawn  (CIK 0001734779),0001396814|0001734779,2026-04-27T22:54:57Z
2026-04-21,OUST,"Ouster, Inc.",Frichtl Mark  (CIK 0001847596),0001816581|0001847596,2026-04-27T22:54:57Z
2026-04-21,HOMB,HOME BANCSHARES INC,FLOYD JENNIFER C.  (CIK 0001648396),0001331520|0001648396,2026-04-27T22:54:57Z
2026-04-21,LFST,"LifeStance Health Group, Inc.",Bessler Robert  (CIK 0001864881),0001845257|0001864881,2026-04-27T22:54:57Z
2026-04-21,HUBS,HUBSPOT INC,Halligan Brian  (CIK 0001603527),0001404655|0001603527,2026-04-27T22:54:57Z
2026-04-21,AGX,ARGAN INC,Jeffrey John Ronald Jr.  (CIK 0001709914),0000100591|0001709914,2026-04-27T22:54:57Z
2026-04-21,ABNB,"Airbnb, Inc.",Blecharczyk Nathan  (CIK 0001834147),0001559720|0001834147,2026-04-27T22:54:57Z
2026-04-21,CRWV,"CoreWeave, Inc.",Intrator Michael N  (CIK 0002058037),0001769628|0002058037,2026-04-27T22:54:57Z
2026-04-21,VCX,"Fundrise Innovation Fund, LLC","Fundrise Real Estate Interval Fund, LLC  (CIK 0001777677)",0001867090|0001777677,2026-04-27T22:54:57Z
2026-04-21,AEHR,AEHR TEST SYSTEMS,SCOTT GEOFFREY GATES  (CIK 0001824121),0001040470|0001824121,2026-04-27T22:54:57Z
2026-04-21,TLRY,"Tilray Brands, Inc.",Hopkinson David G.  (CIK 0001860606),0001731348|0001860606,2026-04-27T22:54:57Z
2026-04-21,MGTX,MeiraGTx Holdings plc,Giroux Richard  (CIK 0001742734),0001735438|0001742734,2026-04-27T22:54:57Z
2026-04-21,RNG,"RingCentral, Inc.",Arora Tarun  (CIK 0002057569),0001384905|0002057569,2026-04-27T22:54:57Z
2026-04-21,DYN,"Dyne Therapeutics, Inc.","Atlas Venture Opportunity Fund II, L.P.  (CIK 0001885327)",0001818794|0001885327,2026-04-27T22:54:57Z
2026-04-21,MCRP,Micropolis AI Robotics,Lo Gatto Simon Jonathan Rubel  (CIK 0002089121),0001993431|0002089121,2026-04-27T22:54:57Z
2026-04-21,JBL,JABIL INC,McCoy Frederic E.  (CIK 0001917764),0000898293|0001917764,2026-04-27T22:54:57Z
2026-04-21,RDW,Redwire Corp,"AE RED HOLDINGS, LLC  (CIK 0001880796)",0001819810|0001880796,2026-04-27T22:54:57Z
2026-04-21,LEVI,LEVI STRAUSS & CO,Singh Harmit J  (CIK 0001472176),0000094845|0001472176,2026-04-27T22:54:57Z
2026-04-21,PSTG,"Everpure, Inc.",Colgrove John  (CIK 0001651902),0001474432|0001651902,2026-04-27T22:54:57Z
2026-04-21,DC,Dakota Gold Corp.,Berry James McCoy  (CIK 0001891506),0001852353|0001891506,2026-04-27T22:54:57Z
2026-04-21,OUST,"Ouster, Inc.",SKAGGS STEPHEN A  (CIK 0001224172),0001816581|0001224172,2026-04-27T22:54:57Z
2026-04-21,ABNB,"Airbnb, Inc.",Blecharczyk Nathan  (CIK 0001834147),0001559720|0001834147,2026-04-27T22:54:57Z
2026-04-21,ETSY,ETSY INC,Silverman Josh  (CIK 0001525358),0001370637|0001525358,2026-04-27T22:54:57Z
2026-04-21,MQ,"Marqeta, Inc.",Paul Elaine  (CIK 0001904069),0001522540|0001904069,2026-04-27T22:54:57Z
2026-04-21,DYN,"Dyne Therapeutics, Inc.","Atlas Venture Opportunity Fund I, L.P.  (CIK 0001759241)",0001818794|0001759241,2026-04-27T22:54:57Z
2026-04-21,PSTG,"Everpure, Inc.",Colgrove John  (CIK 0001651902),0001474432|0001651902,2026-04-27T22:54:57Z
2026-04-20,H,Hyatt Hotels Corp,DS 2010 N-1 Trust  (CIK 0001499669),0001468174|0001499669,2026-04-27T22:54:57Z
2026-04-20,,"Fold Holdings, Inc.",Repass Wolfe  (CIK 0002057456),0001889123|0002057456,2026-04-27T22:54:57Z
2026-04-20,OUST,"Ouster, Inc.",Frichtl Mark  (CIK 0001847596),0001816581|0001847596,2026-04-27T22:54:57Z
2026-04-20,VCX,"Fundrise Innovation Fund, LLC","Fundrise Real Estate Interval Fund, LLC  (CIK 0001777677)",0001867090|0001777677,2026-04-27T22:54:57Z
2026-04-20,MEOH,METHANEX CORP,OCI N.V.  (CIK 0001567031),0000886977|0001567031,2026-04-27T22:54:57Z
2026-04-20,CTAS,CINTAS CORP,TYSOE RONALD W  (CIK 0001184472),0000723254|0001184472,2026-04-27T22:54:57Z
2026-04-20,CACC,CREDIT ACCEPTANCE CORP,Booth Kenneth  (CIK 0001300069),0000885550|0001300069,2026-04-27T22:54:57Z
2026-04-20,SOPH,SOPHiA GENETICS SA,Xu Zhenyu  (CIK 0002006362),0001840706|0002006362,2026-04-27T22:54:57Z
2026-04-20,CRWV,"CoreWeave, Inc.",McBee Brannin  (CIK 0002058103),0001769628|0002058103,2026-04-27T22:54:57Z
2026-04-20,DYN,"Dyne Therapeutics, Inc.","Atlas Venture Associates XI, L.P.  (CIK 0001780068)",0001818794|0001780068,2026-04-27T22:54:57Z
2026-04-20,RYN,RAYONIER INC,WASECHEK WAYNE  (CIK 0001760492),0000052827|0001760492,2026-04-27T22:54:57Z
2026-04-20,,Strategy Inc,Patten Jarrod M  (CIK 0001309191),0001050446|0001309191,2026-04-27T22:54:57Z
2026-04-20,PTON,"PELOTON INTERACTIVE, INC.",Kirol Charles Peter  (CIK 0002065340),0001639825|0002065340,2026-04-27T22:54:57Z
2026-04-20,GSBC,"GREAT SOUTHERN BANCORP, INC.",Bugh John M  (CIK 0001712461),0000854560|0001712461,2026-04-27T22:54:57Z
2026-04-20,META,"Meta Platforms, Inc.",Olivan Javier  (CIK 0001564475),0001326801|0001564475,2026-04-27T22:54:57Z
2026-04-20,DYN,"Dyne Therapeutics, Inc.","Atlas Venture Opportunity Fund I, L.P.  (CIK 0001759241)",0001818794|0001759241,2026-04-27T22:54:57Z
2026-04-20,DYN,"Dyne Therapeutics, Inc.","Atlas Venture Opportunity Fund II, L.P.  (CIK 0001885327)",0001818794|0001885327,2026-04-27T22:54:57Z
2026-04-20,AEHR,AEHR TEST SYSTEMS,POSEDEL RHEA J  (CIK 0001055117),0001040470|0001055117,2026-04-27T22:54:57Z
2026-04-20,QBTS,D-Wave Quantum Inc.,AMES SOPHIE C  (CIK 0002129321),0001907982|0002129321,2026-04-27T22:54:57Z
2026-04-20,TRV,"TRAVELERS COMPANIES, INC.",Klein Michael Frederick  (CIK 0001689571),0000086312|0001689571,2026-04-27T22:54:57Z
2026-04-20,ADBE,ADOBE INC.,Durn Daniel  (CIK 0001610062),0000796343|0001610062,2026-04-27T22:54:57Z
2026-04-20,HRTG,"Heritage Insurance Holdings, Inc.",Garateix Ernie J  (CIK 0001607776),0001598665|0001607776,2026-04-27T22:54:57Z
2026-04-20,HSY,HERSHEY CO,Voskuil Steven E  (CIK 0001622634),0000047111|0001622634,2026-04-27T22:54:57Z
2026-04-20,PHR,"Phreesia, Inc.",Hoffman Allison C  (CIK 0001564521),0001412408|0001564521,2026-04-27T22:54:57Z
2026-04-20,HIMS,"Hims & Hers Health, Inc.",Boughton Soleil  (CIK 0001837817),0001773751|0001837817,2026-04-27T22:54:57Z
2026-04-20,SYNA,SYNAPTICS Inc,Bodensteiner Lisa  (CIK 0001213272),0000817720|0001213272,2026-04-27T22:54:57Z
2026-04-20,SYNA,SYNAPTICS Inc,Ganesan Satish  (CIK 0002014633),0000817720|0002014633,2026-04-27T22:54:57Z
2026-04-20,GPRK,GeoPark Ltd,PARK JAMES FRANKLIN  (CIK 0001633554),0001464591|0001633554,2026-04-27T22:54:57Z
2026-04-20,CRWV,"CoreWeave, Inc.",McBee Brannin  (CIK 0002058103),0001769628|0002058103,2026-04-27T22:54:57Z
2026-04-20,JBL,JABIL INC,Priestley Andrew  (CIK 0002025015),0000898293|0002025015,2026-04-27T22:54:57Z
2026-04-20,,Arqit Quantum Inc.,Pointon Nicholas  (CIK 0001967201),0001859690|0001967201,2026-04-27T22:54:57Z
2026-04-20,KVYO,"Klaviyo, Inc.",Edmond Landon  (CIK 0001991399),0001835830|0001991399,2026-04-27T22:54:57Z
2026-04-20,RDW,Redwire Corp,"Edge Autonomy Ultimate Holdings, LP  (CIK 0002074087)",0001819810|0002074087,2026-04-27T22:54:57Z
2026-04-20,H,Hyatt Hotels Corp,TV 2010 N-1 Trust  (CIK 0001499653),0001468174|0001499653,2026-04-27T22:54:57Z
2026-04-20,PCRX,"Pacira BioSciences, Inc.",Cross Shawn  (CIK 0001734779),0001396814|0001734779,2026-04-27T22:54:57Z
2026-04-17,CRWD,"CrowdStrike Holdings, Inc.",Kurtz George  (CIK 0001778564),0001535527|0001778564,2026-04-27T22:54:57Z
2026-04-17,,Bank of New York Mellon Corp,Perez Alejandro  (CIK 0002129935),0001390777|0002129935,2026-04-27T22:54:57Z
2026-04-17,,"Ginkgo Bioworks Holdings, Inc.",Coen Steven P.  (CIK 0001977441),0001830214|0001977441,2026-04-27T22:54:57Z
2026-04-17,RELY,"Remitly Global, Inc.",Riese Phillip John  (CIK 0001307696),0001782170|0001307696,2026-04-27T22:54:57Z
2026-04-17,AIRG,AIRGAIN INC,Sadri Ali  (CIK 0001907838),0001272842|0001907838,2026-04-27T22:54:57Z
2026-04-17,LYFT,"Lyft, Inc.",Llewellyn Lindsay Catherine  (CIK 0002034826),0001759509|0002034826,2026-04-27T22:54:57Z
2026-04-17,UNTY,UNITY BANCORP INC /NJ/,Gross Mary E.  (CIK 0001502228),0000920427|0001502228,2026-04-27T22:54:57Z
2026-04-17,CGON,"CG Oncology, Inc.",Mulay James  (CIK 0001684531),0001991792|0001684531,2026-04-27T22:54:57Z
2026-04-17,ASA,ASA Gold & Precious Metals Ltd,Merk Alexander  (CIK 0001772159),0001230869|0001772159,2026-04-27T22:54:57Z
2026-04-17,AIP,"Arteris, Inc.",Viana Antonio J  (CIK 0001888686),0001667011|0001888686,2026-04-27T22:54:57Z
2026-04-17,INCY,INCYTE CORP,CAGNONI PABLO J  (CIK 0001205703),0000879169|0001205703,2026-04-27T22:54:57Z
2026-04-17,KYTX,"Kyverna Therapeutics, Inc.",Walker Karen Marie  (CIK 0002008556),0001994702|0002008556,2026-04-27T22:54:57Z
2026-04-17,EYPT,"EyePoint, Inc.",Ribeiro Ramiro  (CIK 0002013623),0001314102|0002013623,2026-04-27T22:54:57Z
2026-04-17,ARLO,"Arlo Technologies, Inc.",Binder Kurtis Joseph  (CIK 0001654737),0001736946|0001654737,2026-04-27T22:54:57Z
2026-04-17,NDSN,NORDSON CORP,Subramanian Srinivas  (CIK 0001940653),0000072331|0001940653,2026-04-27T22:54:57Z
2026-04-17,ESNT,Essent Group Ltd.,Gibbons Mary Lourdes  (CIK 0001590264),0001448893|0001590264,2026-04-27T22:54:57Z
2026-04-17,OUST,"Ouster, Inc.",Frichtl Mark  (CIK 0001847596),0001816581|0001847596,2026-04-27T22:54:57Z
2026-04-17,RDN,RADIAN GROUP INC,Hoffman Edward J  (CIK 0001439483),0000890926|0001439483,2026-04-27T22:54:57Z
2026-04-17,PHR,"Phreesia, Inc.",Hui Yvonne  (CIK 0002027089),0001412408|0002027089,2026-04-27T22:54:57Z
2026-04-17,ATEX,Anterix Inc.,Gerbrandt Ryan  (CIK 0001821509),0001304492|0001821509,2026-04-27T22:54:57Z
2026-04-17,CNM,"Core & Main, Inc.",Bradbury Robyn L  (CIK 0002060011),0001856525|0002060011,2026-04-27T22:54:57Z
2026-04-17,ZM,"Zoom Communications, Inc.",Bawa Aparna  (CIK 0001773301),0001585521|0001773301,2026-04-27T22:54:57Z
2026-04-17,ALAB,"Astera Labs, Inc.",Dyckerhoff Stefan A  (CIK 0001484394),0001736297|0001484394,2026-04-27T22:54:57Z
2026-04-17,CACC,CREDIT ACCEPTANCE CORP,ULATOWSKI DANIEL A.  (CIK 0001604030),0000885550|0001604030,2026-04-27T22:54:57Z
2026-04-17,DRI,DARDEN RESTAURANTS INC,Milanes Douglas J.  (CIK 0001718083),0000940944|0001718083,2026-04-27T22:54:57Z
2026-04-17,AGX,ARGAN INC,Collins Charles Edwin IV  (CIK 0001791800),0000100591|0001791800,2026-04-27T22:54:57Z
2026-04-17,PAGS,PagSeguro Digital Ltd.,Magnani Alexandre Mr  (CIK 0002120783),0001712807|0002120783,2026-04-27T22:54:57Z
2026-04-17,MRVL,"Marvell Technology, Inc.",Casper Mark  (CIK 0002007961),0001835632|0002007961,2026-04-27T22:54:57Z
2026-04-17,VCX,"Fundrise Innovation Fund, LLC","Fundrise Real Estate Interval Fund, LLC  (CIK 0001777677)",0001867090|0001777677,2026-04-27T22:54:57Z
2026-04-17,RDW,Redwire Corp,"Edge Autonomy Ultimate Holdings, LP  (CIK 0002074087)",0001819810|0002074087,2026-04-27T22:54:57Z
2026-04-17,AEHR,AEHR TEST SYSTEMS,POSEDEL RHEA J  (CIK 0001055117),0001040470|0001055117,2026-04-27T22:54:57Z
2026-04-17,PLAB,PHOTRONICS INC,ZHANG RUI  (CIK 0002107725),0000810136|0002107725,2026-04-27T22:54:57Z
2026-04-17,RAPP,"Rapport Therapeutics, Inc.","Third Rock Ventures V, L.P.  (CIK 0001778071)",0002012593|0001778071,2026-04-27T22:54:57Z
2026-04-17,AIP,"Arteris, Inc.",RAZA SAIYED ATIQ  (CIK 0001184563),0001667011|0001184563,2026-04-27T22:54:57Z
2026-04-17,ENTG,ENTEGRIS INC,LOY BERTRAND  (CIK 0001197452),0001101302|0001197452,2026-04-27T22:54:57Z
2026-04-17,H,Hyatt Hotels Corp,JNP 2010-PG Trust  (CIK 0001498220),0001468174|0001498220,2026-04-27T22:54:57Z
2026-04-17,ROKU,"ROKU, INC",Collier Charles  (CIK 0001951665),0001428439|0001951665,2026-04-27T22:54:57Z
2026-04-17,,MORGAN STANLEY,SIMKOWITZ DANIEL A  (CIK 0001680385),0000895421|0001680385,2026-04-27T22:54:57Z
2026-04-17,VEL,"Velocity Financial, Inc.",Taylor Jeffrey T.  (CIK 0001524986),0001692376|0001524986,2026-04-27T22:54:57Z
2026-04-17,,NOVANTA INC,Glastra Matthijs  (CIK 0001561438),0001076930|0001561438,2026-04-27T22:54:57Z
2026-04-17,LQDA,Liquidia Corp,JEFFS ROGER  (CIK 0001231615),0001819576|0001231615,2026-04-27T22:54:57Z
2026-04-17,NUVB,Nuvation Bio Inc.,Liu Dongfang  (CIK 0001937915),0001811063|0001937915,2026-04-27T22:54:57Z
2026-04-17,CACC,CREDIT ACCEPTANCE CORP,SMITH ARTHUR L  (CIK 0001604078),0000885550|0001604078,2026-04-27T22:54:57Z
2026-04-17,RDW,Redwire Corp,"AE RED HOLDINGS, LLC  (CIK 0001880796)",0001819810|0001880796,2026-04-27T22:54:57Z
2026-04-17,ALAB,"Astera Labs, Inc.",Mohan Jitendra  (CIK 0001998053),0001736297|0001998053,2026-04-27T22:54:57Z
2026-04-17,ZETA,Zeta Global Holdings Corp.,"Family Trust IX DTD May 26, 2022  (CIK 0001997856)",0001851003|0001997856,2026-04-27T22:54:57Z
2026-04-17,,Bank of New York Mellon Corp,McCarthy J Kevin  (CIK 0001386987),0001390777|0001386987,2026-04-27T22:54:57Z
2026-04-17,ALLY,Ally Financial Inc.,Timmerman Douglas R.  (CIK 0001738255),0000040729|0001738255,2026-04-27T22:54:57Z
2026-04-17,,Hewlett Packard Enterprise Co,Neri Antonio F  (CIK 0001648401),0001645590|0001648401,2026-04-27T22:54:57Z
2026-04-17,ASPI,ASP Isotopes Inc.,Moore Duncan  (CIK 0001888265),0001921865|0001888265,2026-04-27T22:54:57Z
2026-04-17,,BANCFIRST CORP /OK/,RAINBOLT DAVID E  (CIK 0001042873),0000760498|0001042873,2026-04-27T22:54:57Z
2026-04-17,TNL,Travel & Leisure Co.,Brown Michael Dean  (CIK 0001691300),0001361658|0001691300,2026-04-27T22:54:57Z
2026-04-17,AMZN,AMAZON COM INC,Jassy Andrew R  (CIK 0001374545),0001018724|0001374545,2026-04-27T22:54:57Z
2026-04-17,IMAX,IMAX CORP,GELFOND RICHARD L  (CIK 0000944011),0000921582|0000944011,2026-04-27T22:54:57Z
2026-04-17,MARA,"MARA Holdings, Inc.",Nowaid Zabi  (CIK 0001837940),0001507605|0001837940,2026-04-27T22:54:57Z
2026-04-17,MP,MP Materials Corp. / DE,Litinsky James H.  (CIK 0001831746),0001801368|0001831746,2026-04-27T22:54:57Z
2026-04-17,JBL,JABIL INC,MONDELLO MARK T  (CIK 0001196746),0000898293|0001196746,2026-04-27T22:54:57Z
2026-04-17,AOSL,ALPHA & OMEGA SEMICONDUCTOR Ltd,Liang Yifan  (CIK 0001522325),0001387467|0001522325,2026-04-27T22:54:57Z
2026-04-17,RAPP,"Rapport Therapeutics, Inc.",Yeleswaram Krishnaswamy  (CIK 0002022156),0002012593|0002022156,2026-04-27T22:54:57Z
2026-04-17,,"Blaize Holdings, Inc.",Munagala Dinakar  (CIK 0002048309),0001871638|0002048309,2026-04-27T22:54:57Z
2026-04-17,MARA,"MARA Holdings, Inc.",Thiel Frederick G  (CIK 0001567383),0001507605|0001567383,2026-04-27T22:54:57Z
2026-04-17,PLAB,PHOTRONICS INC,Paladino Mary  (CIK 0001790493),0000810136|0001790493,2026-04-27T22:54:57Z
2026-04-17,H,Hyatt Hotels Corp,JNP Parachute Mirror Trust K  (CIK 0001498219),0001468174|0001498219,2026-04-27T22:54:57Z
2026-04-17,DKS,"DICK'S SPORTING GOODS, INC.",Lodge-Jarrett Julie  (CIK 0001807906),0001089063|0001807906,2026-04-27T22:54:57Z
2026-04-17,RELY,"Remitly Global, Inc.",Sharma Pankaj  (CIK 0001999488),0001782170|0001999488,2026-04-27T22:54:57Z
2026-04-17,,Bank of New York Mellon Corp,Kurimsky Kurtis R.  (CIK 0001635463),0001390777|0001635463,2026-04-27T22:54:57Z
2026-04-17,TWST,Twist Bioscience Corp,Laponis Adam  (CIK 0001827198),0001581280|0001827198,2026-04-27T22:54:57Z
2026-04-17,,Freightos Ltd,Schreiber Zvi  (CIK 0001976454),0001927719|0001976454,2026-04-27T22:54:57Z
2026-04-17,CACC,CREDIT ACCEPTANCE CORP,ULATOWSKI DANIEL A.  (CIK 0001604030),0000885550|0001604030,2026-04-27T22:54:57Z
2026-04-17,ZETA,Zeta Global Holdings Corp.,Family Trust No. C5 DTD 5/27/22  (CIK 0001989510),0001851003|0001989510,2026-04-27T22:54:57Z
2026-04-17,RCMT,"RCM TECHNOLOGIES, INC.",MILLER KEVIN D  (CIK 0001255576),0000700841|0001255576,2026-04-27T22:54:57Z
2026-04-17,ARE,"ALEXANDRIA REAL ESTATE EQUITIES, INC.",Kuhn Hallie E.  (CIK 0002107635),0001035443|0002107635,2026-04-27T22:54:57Z
2026-04-17,RM,Regional Management Corp.,Fisher Brian J.  (CIK 0001567382),0001519401|0001567382,2026-04-27T22:54:57Z
2026-04-17,SNX,TD SYNNEX CORP,POLK DENNIS  (CIK 0001270710),0001177394|0001270710,2026-04-27T22:54:57Z
2026-04-17,NUVB,Nuvation Bio Inc.,Wentworth Kerry  (CIK 0001369453),0001811063|0001369453,2026-04-27T22:54:57Z
2026-04-17,PVH,PVH CORP. /DE/,FISCHER MARK D  (CIK 0001243792),0000078239|0001243792,2026-04-27T22:54:57Z
2026-04-17,CACC,CREDIT ACCEPTANCE CORP,Rummler Wendy A  (CIK 0001916755),0000885550|0001916755,2026-04-27T22:54:57Z
2026-04-17,JBL,JABIL INC,BORGES STEVEN D  (CIK 0001196727),0000898293|0001196727,2026-04-27T22:54:57Z
2026-04-17,AEHR,AEHR TEST SYSTEMS,Siu Chris  (CIK 0001389044),0001040470|0001389044,2026-04-27T22:54:57Z
2026-04-17,OMF,"OneMain Holdings, Inc.",Conrad Micah R.  (CIK 0001772198),0001584207|0001772198,2026-04-27T22:54:57Z
2026-04-17,FSLY,"Fastly, Inc.",Compton Charles Lacey III  (CIK 0002074428),0001517413|0002074428,2026-04-27T22:54:57Z
2026-04-17,SBUX,STARBUCKS CORP,BREWER BRADY  (CIK 0002018223),0000829224|0002018223,2026-04-27T22:54:57Z
2026-04-17,,Bank of New York Mellon Corp,Hobbs Shannon Marie  (CIK 0002026089),0001390777|0002026089,2026-04-27T22:54:57Z
2026-04-17,CACC,CREDIT ACCEPTANCE CORP,Martin Jay D  (CIK 0001859812),0000885550|0001859812,2026-04-27T22:54:57Z
2026-04-17,,PITNEY BOWES INC /DE/,Freemen-Bosworth Lauren  (CIK 0002018873),0000078814|0002018873,2026-04-27T22:54:57Z
2026-04-17,NET,"Cloudflare, Inc.",SEIFERT THOMAS J  (CIK 0001473289),0001477333|0001473289,2026-04-27T22:54:57Z
2026-04-17,,Valens Semiconductor Ltd.,Yaacobi Tal  (CIK 0002122521),0001863006|0002122521,2026-04-27T22:54:57Z
2026-04-17,UTHR,UNITED THERAPEUTICS Corp,PATUSKY CHRISTOPHER  (CIK 0001231427),0001082554|0001231427,2026-04-27T22:54:57Z
2026-04-17,RM,Regional Management Corp.,Barnette Steven B  (CIK 0001854411),0001519401|0001854411,2026-04-27T22:54:57Z
2026-04-17,FLY,Firefly Aerospace Inc.,Wheeler David Leigh  (CIK 0002078094),0001860160|0002078094,2026-04-27T22:54:57Z
